[{"model": "services.post", "pk": 1, "fields": {"username": "purees", "created_at": "2024-04-21T23:10:45.040Z", "description": "Hi", "has_attachment": true, "is_repost": false, "likes": "", "highlight": false}}, {"model": "services.post", "pk": 2, "fields": {"username": "purees", "created_at": "2024-04-21T23:10:58.224Z", "description": "hi", "has_attachment": true, "is_repost": false, "likes": "", "highlight": false}}, {"model": "services.post", "pk": 3, "fields": {"username": "purees", "created_at": "2024-04-21T23:11:11.122Z", "description": "hi", "has_attachment": true, "is_repost": false, "likes": "", "highlight": true}}, {"model": "services.post", "pk": 4, "fields": {"username": "cr7", "created_at": "2024-04-21T23:12:01.700Z", "description": "hi", "has_attachment": true, "is_repost": false, "likes": "", "highlight": false}}, {"model": "services.post", "pk": 5, "fields": {"username": "cr7", "created_at": "2024-04-21T23:12:12.428Z", "description": "hi", "has_attachment": true, "is_repost": false, "likes": "", "highlight": false}}, {"model": "services.post", "pk": 6, "fields": {"username": "cr7", "created_at": "2024-04-21T23:12:23.276Z", "description": "hi", "has_attachment": true, "is_repost": false, "likes": "", "highlight": true}}, {"model": "services.post", "pk": 7, "fields": {"username": "messi", "created_at": "2024-04-21T23:13:00.496Z", "description": "hello", "has_attachment": true, "is_repost": false, "likes": "", "highlight": false}}, {"model": "services.post", "pk": 8, "fields": {"username": "messi", "created_at": "2024-04-21T23:13:11.617Z", "description": "hello", "has_attachment": true, "is_repost": false, "likes": "", "highlight": false}}, {"model": "services.post", "pk": 9, "fields": {"username": "messi", "created_at": "2024-04-21T23:13:23.813Z", "description": "hi", "has_attachment": true, "is_repost": false, "likes": "", "highlight": true}}, {"model": "services.post", "pk": 10, "fields": {"username": "kai", "created_at": "2024-04-21T23:13:52.483Z", "description": "hi", "has_attachment": true, "is_repost": false, "likes": "", "highlight": false}}, {"model": "services.post", "pk": 11, "fields": {"username": "kai", "created_at": "2024-04-21T23:14:03.713Z", "description": "hi", "has_attachment": true, "is_repost": false, "likes": "", "highlight": false}}, {"model": "services.post", "pk": 12, "fields": {"username": "kai", "created_at": "2024-04-21T23:14:14.305Z", "description": "hi", "has_attachment": true, "is_repost": false, "likes": "", "highlight": true}}, {"model": "services.post", "pk": 13, "fields": {"username": "chana", "created_at": "2024-04-21T23:14:43.947Z", "description": "hi", "has_attachment": true, "is_repost": false, "likes": "", "highlight": false}}, {"model": "services.post", "pk": 14, "fields": {"username": "chana", "created_at": "2024-04-21T23:14:56.008Z", "description": "hi", "has_attachment": true, "is_repost": false, "likes": "", "highlight": false}}, {"model": "services.post", "pk": 15, "fields": {"username": "chana", "created_at": "2024-04-21T23:15:10.100Z", "description": "hi", "has_attachment": true, "is_repost": false, "likes": "purees", "highlight": true}}, {"model": "services.post", "pk": 16, "fields": {"username": "toni", "created_at": "2024-04-21T23:21:15.699Z", "description": "a", "has_attachment": true, "is_repost": false, "likes": "", "highlight": false}}, {"model": "services.post", "pk": 17, "fields": {"username": "toni", "created_at": "2024-04-21T23:21:26.275Z", "description": "a", "has_attachment": true, "is_repost": false, "likes": "", "highlight": false}}, {"model": "services.post", "pk": 18, "fields": {"username": "toni", "created_at": "2024-04-21T23:21:36.102Z", "description": "e", "has_attachment": true, "is_repost": false, "likes": "", "highlight": true}}, {"model": "services.post", "pk": 19, "fields": {"username": "enzo", "created_at": "2024-04-21T23:22:07.502Z", "description": "a", "has_attachment": true, "is_repost": false, "likes": "purees", "highlight": false}}, {"model": "services.post", "pk": 20, "fields": {"username": "enzo", "created_at": "2024-04-21T23:22:16.421Z", "description": "a", "has_attachment": true, "is_repost": false, "likes": "", "highlight": true}}, {"model": "services.post", "pk": 21, "fields": {"username": "enzo", "created_at": "2024-04-21T23:22:32.679Z", "description": "a", "has_attachment": true, "is_repost": false, "likes": "", "highlight": true}}, {"model": "services.post", "pk": 22, "fields": {"username": "messi", "created_at": "2024-04-21T23:23:21.947Z", "description": "a", "has_attachment": true, "is_repost": false, "likes": "", "highlight": true}}, {"model": "services.post", "pk": 23, "fields": {"username": "cr7", "created_at": "2024-04-21T23:23:44.109Z", "description": "a", "has_attachment": true, "is_repost": false, "likes": "", "highlight": true}}, {"model": "services.post", "pk": 24, "fields": {"username": "cr7", "created_at": "2024-04-21T23:23:54.932Z", "description": "a", "has_attachment": true, "is_repost": false, "likes": "", "highlight": true}}, {"model": "services.post", "pk": 25, "fields": {"username": "aa", "created_at": "2024-04-21T23:25:17.869Z", "description": "a", "has_attachment": true, "is_repost": false, "likes": "", "highlight": false}}, {"model": "services.post", "pk": 26, "fields": {"username": "bb", "created_at": "2024-04-21T23:25:38.856Z", "description": "a", "has_attachment": true, "is_repost": false, "likes": "", "highlight": false}}, {"model": "services.post", "pk": 27, "fields": {"username": "cc", "created_at": "2024-04-21T23:26:24.433Z", "description": "a", "has_attachment": true, "is_repost": false, "likes": "", "highlight": false}}, {"model": "services.post", "pk": 28, "fields": {"username": "dd", "created_at": "2024-04-21T23:26:45.765Z", "description": "a", "has_attachment": true, "is_repost": false, "likes": "", "highlight": false}}, {"model": "services.post", "pk": 29, "fields": {"username": "purees", "created_at": "2024-04-22T00:49:02.150Z", "description": "Hi, my name is Puree!", "has_attachment": true, "is_repost": false, "likes": "", "highlight": false}}, {"model": "services.physicalattribute", "pk": "2024-04-21T23:02:13.080Z", "fields": {"username": "purees", "height": null, "weight": null, "fat_mass": null, "muscle_mass": null, "run": "3.00", "push_up": 5, "sit_up": 5}}, {"model": "services.physicalattribute", "pk": "2024-04-21T23:02:38.337Z", "fields": {"username": "cr7", "height": null, "weight": null, "fat_mass": null, "muscle_mass": null, "run": "20.00", "push_up": 25, "sit_up": 10}}, {"model": "services.physicalattribute", "pk": "2024-04-21T23:02:58.884Z", "fields": {"username": "messi", "height": null, "weight": null, "fat_mass": null, "muscle_mass": null, "run": "19.00", "push_up": 21, "sit_up": 20}}, {"model": "services.physicalattribute", "pk": "2024-04-21T23:03:19.435Z", "fields": {"username": "kai", "height": null, "weight": null, "fat_mass": null, "muscle_mass": null, "run": "15.00", "push_up": 14, "sit_up": 15}}, {"model": "services.physicalattribute", "pk": "2024-04-21T23:03:40.644Z", "fields": {"username": "chana", "height": null, "weight": null, "fat_mass": null, "muscle_mass": null, "run": "16.00", "push_up": 14, "sit_up": 14}}, {"model": "services.physicalattribute", "pk": "2024-04-21T23:04:00.518Z", "fields": {"username": "toni", "height": null, "weight": null, "fat_mass": null, "muscle_mass": null, "run": "14.00", "push_up": 17, "sit_up": 16}}, {"model": "services.physicalattribute", "pk": "2024-04-21T23:04:16.292Z", "fields": {"username": "enzo", "height": null, "weight": null, "fat_mass": null, "muscle_mass": null, "run": "13.00", "push_up": 14, "sit_up": 11}}, {"model": "services.event", "pk": 1, "fields": {"club": "Charmchuri FC", "created_at": "2024-04-21T23:29:51.899Z", "description": "Charmchuri FC is Recruiting !", "has_attachment": true, "like": "", "start_time": "2024-04-04T00:00:00Z", "end_time": "2024-04-19T00:00:00Z"}}, {"model": "services.event", "pk": 2, "fields": {"club": "Charmchuri FC", "created_at": "2024-04-21T23:30:17.085Z", "description": "Try-out registration is now open", "has_attachment": true, "like": "", "start_time": "2024-04-02T00:00:00Z", "end_time": "2024-04-18T00:00:00Z"}}, {"model": "services.event", "pk": 3, "fields": {"club": "Chelsea FC", "created_at": "2024-04-21T23:30:56.625Z", "description": "Chelsea is hosting a tryout", "has_attachment": true, "like": "", "start_time": "2024-04-03T00:00:00Z", "end_time": "2024-04-12T00:00:00Z"}}, {"model": "services.event", "pk": 4, "fields": {"club": "Chelsea FC", "created_at": "2024-04-21T23:31:13.980Z", "description": "Chelsea is recruiting!", "has_attachment": true, "like": "", "start_time": "2024-04-03T00:00:00Z", "end_time": "2024-04-13T00:00:00Z"}}, {"model": "services.event", "pk": 5, "fields": {"club": "Liverpool FC", "created_at": "2024-04-21T23:31:41.540Z", "description": "Want to join Liverpool FC?", "has_attachment": true, "like": "", "start_time": "2024-04-09T00:00:00Z", "end_time": "2024-04-12T00:00:00Z"}}, {"model": "services.blobstorage", "pk": 1, "fields": {"post": 1, "event": null, "is_profile_picture": false, "verify": null, "username": "purees", "club_name": null, "physical_attribute": null, "physical_attribute_type": null, "content_type": "image/jpeg", "description": "test", "url": "https://athcess.blob.core.windows.net/media/84aed815b37073f1a71c0eb6d9cb7318b09c21a997aea5359ee6f355ae18073b.jpeg", "file_name": "athlete_puree1.jpeg", "status": "uploaded", "file_size": 193787, "created_at": "2024-04-21T23:10:45.157Z"}}, {"model": "services.blobstorage", "pk": 2, "fields": {"post": 2, "event": null, "is_profile_picture": false, "verify": null, "username": "purees", "club_name": null, "physical_attribute": null, "physical_attribute_type": null, "content_type": "image/jpeg", "description": "test", "url": "https://athcess.blob.core.windows.net/media/bfb33e43508b29d5ebbadf85e903a27c2d22caa9a578ada0e9e22c85f618d54f.jpeg", "file_name": "athlete_puree2.jpeg", "status": "uploaded", "file_size": 512654, "created_at": "2024-04-21T23:10:58.296Z"}}, {"model": "services.blobstorage", "pk": 3, "fields": {"post": 3, "event": null, "is_profile_picture": false, "verify": null, "username": "purees", "club_name": null, "physical_attribute": null, "physical_attribute_type": null, "content_type": "image/jpeg", "description": "test", "url": "https://athcess.blob.core.windows.net/media/e9bb91eb7565687c8d8964abad00adbfe6aad90d53f815ebc142657acba34597.jpeg", "file_name": "athlete_puree3.jpeg", "status": "uploaded", "file_size": 131544, "created_at": "2024-04-21T23:11:11.204Z"}}, {"model": "services.blobstorage", "pk": 4, "fields": {"post": 4, "event": null, "is_profile_picture": false, "verify": null, "username": "cr7", "club_name": null, "physical_attribute": null, "physical_attribute_type": null, "content_type": "image/jpeg", "description": "test", "url": "https://athcess.blob.core.windows.net/media/42d773e7a748c9ff07e1b029c66cc1d286a3aff34e294742f7605ff8ef4c3154.jpeg", "file_name": "athlete_cr1.jpeg", "status": "uploaded", "file_size": 7387, "created_at": "2024-04-21T23:12:01.772Z"}}, {"model": "services.blobstorage", "pk": 5, "fields": {"post": 5, "event": null, "is_profile_picture": false, "verify": null, "username": "cr7", "club_name": null, "physical_attribute": null, "physical_attribute_type": null, "content_type": "image/jpeg", "description": "test", "url": "https://athcess.blob.core.windows.net/media/f03f50ec4755938feedf9c2d3cf961c783388efe6353cb739500b820e07abfdd.jpeg", "file_name": "athlete_cr2.jpeg", "status": "uploaded", "file_size": 7185, "created_at": "2024-04-21T23:12:12.489Z"}}, {"model": "services.blobstorage", "pk": 6, "fields": {"post": 6, "event": null, "is_profile_picture": false, "verify": null, "username": "cr7", "club_name": null, "physical_attribute": null, "physical_attribute_type": null, "content_type": "image/jpeg", "description": "test", "url": "https://athcess.blob.core.windows.net/media/7dbcb5767e0adc574b8c1771f0ee01f9229eee205618631189a47cb51631b46b.jpeg", "file_name": "athlete_cr3.jpeg", "status": "uploaded", "file_size": 9343, "created_at": "2024-04-21T23:12:23.323Z"}}, {"model": "services.blobstorage", "pk": 7, "fields": {"post": 7, "event": null, "is_profile_picture": false, "verify": null, "username": "messi", "club_name": null, "physical_attribute": null, "physical_attribute_type": null, "content_type": "image/jpeg", "description": "test", "url": "https://athcess.blob.core.windows.net/media/5c17eb86f228f8b6b54ce149a681ec8be12dc4fed54e84a1615dab561ea422e5.jpeg", "file_name": "athlete_messi1.jpeg", "status": "uploaded", "file_size": 9190, "created_at": "2024-04-21T23:13:00.559Z"}}, {"model": "services.blobstorage", "pk": 8, "fields": {"post": 8, "event": null, "is_profile_picture": false, "verify": null, "username": "messi", "club_name": null, "physical_attribute": null, "physical_attribute_type": null, "content_type": "image/jpeg", "description": "test", "url": "https://athcess.blob.core.windows.net/media/c6af3fbbbe4ba2b27a763afcbf1b9f596e06f169aba5faa558fab5f90ec19f9d.jpeg", "file_name": "athlete_messi2.jpeg", "status": "uploaded", "file_size": 11067, "created_at": "2024-04-21T23:13:11.692Z"}}, {"model": "services.blobstorage", "pk": 9, "fields": {"post": 9, "event": null, "is_profile_picture": false, "verify": null, "username": "messi", "club_name": null, "physical_attribute": null, "physical_attribute_type": null, "content_type": "image/jpeg", "description": "test", "url": "https://athcess.blob.core.windows.net/media/e3ea059e02f7049df03ce55ccb416f370e10947532dbf3da98e2913209433099.jpeg", "file_name": "athlete_messi3.jpeg", "status": "uploaded", "file_size": 5767, "created_at": "2024-04-21T23:13:23.887Z"}}, {"model": "services.blobstorage", "pk": 10, "fields": {"post": 10, "event": null, "is_profile_picture": false, "verify": null, "username": "kai", "club_name": null, "physical_attribute": null, "physical_attribute_type": null, "content_type": "image/jpeg", "description": "test", "url": "https://athcess.blob.core.windows.net/media/587e9b6bf4bd16f3312b6d50069c02ed5f92b0d8c6c9b86d6c727c701bf69c06.jpeg", "file_name": "athlete_kai1.jpeg", "status": "uploaded", "file_size": 7674, "created_at": "2024-04-21T23:13:52.541Z"}}, {"model": "services.blobstorage", "pk": 11, "fields": {"post": 11, "event": null, "is_profile_picture": true, "verify": null, "username": "kai", "club_name": null, "physical_attribute": null, "physical_attribute_type": null, "content_type": "image/jpeg", "description": "test", "url": "https://athcess.blob.core.windows.net/media/90f2fa4f283cac1f32abb9920d440510890c53284d150f22466edc4cc620a4ce.jpeg", "file_name": "athlete_kai2.jpeg", "status": "uploaded", "file_size": 7691, "created_at": "2024-04-21T23:14:03.787Z"}}, {"model": "services.blobstorage", "pk": 12, "fields": {"post": 12, "event": null, "is_profile_picture": false, "verify": null, "username": "kai", "club_name": null, "physical_attribute": null, "physical_attribute_type": null, "content_type": "image/jpeg", "description": "test", "url": "https://athcess.blob.core.windows.net/media/16f48ee62de08948e6250bc520521d1edfbb8b63112835e0fe48ed4f8c567aa2.jpeg", "file_name": "athlete_kai3.jpeg", "status": "uploaded", "file_size": 5819, "created_at": "2024-04-21T23:14:14.379Z"}}, {"model": "services.blobstorage", "pk": 13, "fields": {"post": 13, "event": null, "is_profile_picture": true, "verify": null, "username": "chana", "club_name": null, "physical_attribute": null, "physical_attribute_type": null, "content_type": "image/jpeg", "description": "test", "url": "https://athcess.blob.core.windows.net/media/407d81efb054ff114077547cf69b1ee6d6c9bb9bd59310d0a89080ef813748d1.jpeg", "file_name": "athlete_chana1.jpeg", "status": "uploaded", "file_size": 7684, "created_at": "2024-04-21T23:14:44.049Z"}}, {"model": "services.blobstorage", "pk": 14, "fields": {"post": 14, "event": null, "is_profile_picture": false, "verify": null, "username": "chana", "club_name": null, "physical_attribute": null, "physical_attribute_type": null, "content_type": "image/jpeg", "description": "test", "url": "https://athcess.blob.core.windows.net/media/832e818c9f3e6ec7750218a96b41ba7785b5fe7c65098f1ffbd0c60788299756.jpeg", "file_name": "athlete_chana2.jpeg", "status": "uploaded", "file_size": 7390, "created_at": "2024-04-21T23:14:56.092Z"}}, {"model": "services.blobstorage", "pk": 15, "fields": {"post": 15, "event": null, "is_profile_picture": false, "verify": null, "username": "chana", "club_name": null, "physical_attribute": null, "physical_attribute_type": null, "content_type": "image/jpeg", "description": "test", "url": "https://athcess.blob.core.windows.net/media/e598409d8fb30a81f8a885dc15375416e93c972103f61c882dfd045a32240dba.jpeg", "file_name": "athlete_chana3.jpeg", "status": "uploaded", "file_size": 6839, "created_at": "2024-04-21T23:15:10.179Z"}}, {"model": "services.blobstorage", "pk": 16, "fields": {"post": 16, "event": null, "is_profile_picture": false, "verify": null, "username": "toni", "club_name": null, "physical_attribute": null, "physical_attribute_type": null, "content_type": "image/jpeg", "description": "test", "url": "https://athcess.blob.core.windows.net/media/d8129fa38a16ed4da358864c5d027f2dd8ac12b2b3eed4fdc504ac74564e660e.jpeg", "file_name": "toni1.jpeg", "status": "uploaded", "file_size": 1267979, "created_at": "2024-04-21T23:21:15.776Z"}}, {"model": "services.blobstorage", "pk": 17, "fields": {"post": 17, "event": null, "is_profile_picture": true, "verify": null, "username": "toni", "club_name": null, "physical_attribute": null, "physical_attribute_type": null, "content_type": "image/jpeg", "description": "test", "url": "https://athcess.blob.core.windows.net/media/0c9d78ec635a0a67fb821520b3084078878532b10cebb85dbf3ed7eb0b1f658d.jpeg", "file_name": "toni2.jpeg", "status": "uploaded", "file_size": 54279, "created_at": "2024-04-21T23:21:26.348Z"}}, {"model": "services.blobstorage", "pk": 18, "fields": {"post": 18, "event": null, "is_profile_picture": false, "verify": null, "username": "toni", "club_name": null, "physical_attribute": null, "physical_attribute_type": null, "content_type": "image/jpeg", "description": "test", "url": "https://athcess.blob.core.windows.net/media/f7d4305e4f96527248fd0ada4a7d24ae83d9a2ba8b05494c696ac025c47a44f5.jpeg", "file_name": "toni3.jpeg", "status": "uploaded", "file_size": 72882, "created_at": "2024-04-21T23:21:36.165Z"}}, {"model": "services.blobstorage", "pk": 19, "fields": {"post": 19, "event": null, "is_profile_picture": true, "verify": null, "username": "enzo", "club_name": null, "physical_attribute": null, "physical_attribute_type": null, "content_type": "image/jpeg", "description": "test", "url": "https://athcess.blob.core.windows.net/media/e3fc765f37ffbd60b8d6ae23e6bce862b0fb7186c7108f8b24e18f97e7a9772a.jpeg", "file_name": "enzo2.jpeg", "status": "uploaded", "file_size": 89735, "created_at": "2024-04-21T23:22:07.573Z"}}, {"model": "services.blobstorage", "pk": 20, "fields": {"post": 20, "event": null, "is_profile_picture": false, "verify": null, "username": "enzo", "club_name": null, "physical_attribute": null, "physical_attribute_type": null, "content_type": "image/jpeg", "description": "test", "url": "https://athcess.blob.core.windows.net/media/2902732d477654c6725db3de8fade2bf165a096994e658b31503ddfab8aa9070.jpeg", "file_name": "enzo3.jpeg", "status": "uploaded", "file_size": 80396, "created_at": "2024-04-21T23:22:16.487Z"}}, {"model": "services.blobstorage", "pk": 21, "fields": {"post": 21, "event": null, "is_profile_picture": false, "verify": null, "username": "enzo", "club_name": null, "physical_attribute": null, "physical_attribute_type": null, "content_type": "image/jpeg", "description": "test", "url": "https://athcess.blob.core.windows.net/media/f774b5552df4259ae246ad25dc1f41b00619fd59217207711640d000a2a221d2.jpeg", "file_name": "athlete_enzo1.jpeg", "status": "uploaded", "file_size": 9560, "created_at": "2024-04-21T23:22:32.742Z"}}, {"model": "services.blobstorage", "pk": 22, "fields": {"post": 22, "event": null, "is_profile_picture": true, "verify": null, "username": "messi", "club_name": null, "physical_attribute": null, "physical_attribute_type": null, "content_type": "image/webp", "description": "test", "url": "https://athcess.blob.core.windows.net/media/96e8b8b58a2d4bdc408dfb88bf44cedcfcf089a7c3a7e5486885c78e55f234dd.webp", "file_name": "leo3.webp", "status": "uploaded", "file_size": 121598, "created_at": "2024-04-21T23:23:22.009Z"}}, {"model": "services.blobstorage", "pk": 23, "fields": {"post": 23, "event": null, "is_profile_picture": false, "verify": null, "username": "cr7", "club_name": null, "physical_attribute": null, "physical_attribute_type": null, "content_type": "image/jpeg", "description": "test", "url": "https://athcess.blob.core.windows.net/media/7d0846a2d7eecfef01776beee55067a52559a558f08efdf9b3ba7e34e9da7068.jpeg", "file_name": "cr1.jpeg", "status": "uploaded", "file_size": 668216, "created_at": "2024-04-21T23:23:44.197Z"}}, {"model": "services.blobstorage", "pk": 24, "fields": {"post": 24, "event": null, "is_profile_picture": true, "verify": null, "username": "cr7", "club_name": null, "physical_attribute": null, "physical_attribute_type": null, "content_type": "image/jpeg", "description": "test", "url": "https://athcess.blob.core.windows.net/media/17738490eba0727a069251ca1df758fa0a3b0d6c7838f2b5235e4c7d2dbd83d4.jpeg", "file_name": "cr3.jpeg", "status": "uploaded", "file_size": 219108, "created_at": "2024-04-21T23:23:54.989Z"}}, {"model": "services.blobstorage", "pk": 25, "fields": {"post": 25, "event": null, "is_profile_picture": false, "verify": null, "username": "aa", "club_name": null, "physical_attribute": null, "physical_attribute_type": null, "content_type": "image/jpeg", "description": "test", "url": "https://athcess.blob.core.windows.net/media/cade903efa523287fe408aa0b620e7f324b33d3640f132b6b4d863c38638f666.jpeg", "file_name": "scout_1.jpeg", "status": "uploaded", "file_size": 8082, "created_at": "2024-04-21T23:25:17.931Z"}}, {"model": "services.blobstorage", "pk": 26, "fields": {"post": 26, "event": null, "is_profile_picture": false, "verify": null, "username": "bb", "club_name": null, "physical_attribute": null, "physical_attribute_type": null, "content_type": "image/jpeg", "description": "test", "url": "https://athcess.blob.core.windows.net/media/8693a4691263dddd5b6069686cdeac2893de63b396cce74b1d2294d5f1c4bc1a.jpeg", "file_name": "scout_2.jpeg", "status": "uploaded", "file_size": 5650, "created_at": "2024-04-21T23:25:38.961Z"}}, {"model": "services.blobstorage", "pk": 27, "fields": {"post": 27, "event": null, "is_profile_picture": false, "verify": null, "username": "cc", "club_name": null, "physical_attribute": null, "physical_attribute_type": null, "content_type": "image/jpeg", "description": "test", "url": "https://athcess.blob.core.windows.net/media/6e5efa5f45e2f4a0da74e0a00f9b760bf172047fa7501d2fc18e60acf6f68e10.jpeg", "file_name": "scout_3.jpeg", "status": "uploaded", "file_size": 6549, "created_at": "2024-04-21T23:26:24.484Z"}}, {"model": "services.blobstorage", "pk": 28, "fields": {"post": 28, "event": null, "is_profile_picture": false, "verify": null, "username": "dd", "club_name": null, "physical_attribute": null, "physical_attribute_type": null, "content_type": "image/jpeg", "description": "test", "url": "https://athcess.blob.core.windows.net/media/15e964b6124cd07139e1268d3056c6933a3b49a2458c45243556c9d013988ad0.jpeg", "file_name": "scout_4.jpeg", "status": "uploaded", "file_size": 8500, "created_at": "2024-04-21T23:26:45.877Z"}}, {"model": "services.blobstorage", "pk": 29, "fields": {"post": null, "event": 1, "is_profile_picture": false, "verify": null, "username": "ee", "club_name": null, "physical_attribute": null, "physical_attribute_type": null, "content_type": "image/jpeg", "description": "test", "url": "https://athcess.blob.core.windows.net/media/4549d494687b5b9638b557ef36a28216223f00311562a3cc8c3b20a733fe33a5.jpeg", "file_name": "charmchuri1.jpeg", "status": "uploaded", "file_size": 7580, "created_at": "2024-04-21T23:29:51.961Z"}}, {"model": "services.blobstorage", "pk": 30, "fields": {"post": null, "event": 2, "is_profile_picture": false, "verify": null, "username": "ee", "club_name": null, "physical_attribute": null, "physical_attribute_type": null, "content_type": "image/jpeg", "description": "test", "url": "https://athcess.blob.core.windows.net/media/1fa37cd167adef9fa2d8bc404e60aa20b135433650e09d9d57ff4ec2180f794f.jpeg", "file_name": "charmchuri_fc.jpeg", "status": "uploaded", "file_size": 186989, "created_at": "2024-04-21T23:30:17.167Z"}}, {"model": "services.blobstorage", "pk": 31, "fields": {"post": null, "event": 3, "is_profile_picture": false, "verify": null, "username": "ff", "club_name": null, "physical_attribute": null, "physical_attribute_type": null, "content_type": "image/png", "description": "test", "url": "https://athcess.blob.core.windows.net/media/1136ea471e1c7304e56e3c8ce6a21b5f42cd044a2decb76529ced18ef41a24b0.png", "file_name": "chelsea1.png", "status": "uploaded", "file_size": 294579, "created_at": "2024-04-21T23:30:56.700Z"}}, {"model": "services.blobstorage", "pk": 32, "fields": {"post": null, "event": 4, "is_profile_picture": false, "verify": null, "username": "ff", "club_name": null, "physical_attribute": null, "physical_attribute_type": null, "content_type": "image/jpeg", "description": "test", "url": "https://athcess.blob.core.windows.net/media/42fc2ae038cbe2b4d5658667eb66e16caabfba63df1789997abeb8a4bfe27fcf.jpeg", "file_name": "chelsea2.jpeg", "status": "uploaded", "file_size": 8585, "created_at": "2024-04-21T23:31:14.034Z"}}, {"model": "services.blobstorage", "pk": 33, "fields": {"post": null, "event": 5, "is_profile_picture": false, "verify": null, "username": "gg", "club_name": null, "physical_attribute": null, "physical_attribute_type": null, "content_type": "image/png", "description": "test", "url": "https://athcess.blob.core.windows.net/media/5a5fa94e5b80145adb56425b2b7ff4acc5f242be92bc16f2ca6ebfd35be7905f.png", "file_name": "liverpool1.png", "status": "uploaded", "file_size": 450733, "created_at": "2024-04-21T23:31:41.619Z"}}, {"model": "services.blobstorage", "pk": 34, "fields": {"post": 29, "event": null, "is_profile_picture": true, "verify": null, "username": "purees", "club_name": null, "physical_attribute": null, "physical_attribute_type": null, "content_type": "image/png", "description": "test", "url": "https://athcess.blob.core.windows.net/media/9867c1621f271d096d4447668b991ba63b3faa95a9099e2cf6ca1bd05f25564d.png", "file_name": "Screenshot 2567-04-22 at 07.48.38.png", "status": "uploaded", "file_size": 2560387, "created_at": "2024-04-22T00:49:02.266Z"}}, {"model": "services.isfriendof", "pk": 1, "fields": {"username": "purees", "friend_username": "cr7", "status": "accepted", "since": "2024-04-22T00:08:24.189Z"}}, {"model": "services.isfriendof", "pk": 2, "fields": {"username": "purees", "friend_username": "kai", "status": "accepted", "since": "2024-04-22T00:08:24.189Z"}}, {"model": "services.isfriendof", "pk": 3, "fields": {"username": "purees", "friend_username": "chana", "status": "accepted", "since": "2024-04-22T00:08:24.189Z"}}, {"model": "services.isfriendof", "pk": 4, "fields": {"username": "purees", "friend_username": "enzo", "status": "accepted", "since": "2024-04-22T00:08:24.189Z"}}, {"model": "services.isfriendof", "pk": 5, "fields": {"username": "purees", "friend_username": "messi", "status": "accepted", "since": "2024-04-22T00:08:24.189Z"}}, {"model": "services.isfriendof", "pk": 6, "fields": {"username": "purees", "friend_username": "toni", "status": "accepted", "since": "2024-04-22T00:08:24.189Z"}}, {"model": "services.isfriendof", "pk": 7, "fields": {"username": "cr7", "friend_username": "purees", "status": "accepted", "since": "2024-04-22T00:08:24.189Z"}}, {"model": "services.isfriendof", "pk": 8, "fields": {"username": "kai", "friend_username": "purees", "status": "accepted", "since": "2024-04-22T00:08:24.189Z"}}, {"model": "services.isfriendof", "pk": 9, "fields": {"username": "chana", "friend_username": "purees", "status": "accepted", "since": "2024-04-22T00:08:24.189Z"}}, {"model": "services.isfriendof", "pk": 10, "fields": {"username": "enzo", "friend_username": "purees", "status": "accepted", "since": "2024-04-22T00:08:24.189Z"}}, {"model": "services.isfriendof", "pk": 11, "fields": {"username": "toni", "friend_username": "purees", "status": "accepted", "since": "2024-04-22T00:08:24.189Z"}}, {"model": "services.isfriendof", "pk": 12, "fields": {"username": "messi", "friend_username": "purees", "status": "accepted", "since": "2024-04-22T00:08:24.189Z"}}, {"model": "services.achievement", "pk": 1, "fields": {"topic": "UCL Winner", "sub_topic": "winner of europe", "description": "hahaha", "created_at": "2024-04-21T23:59:00.639Z", "date": "2024-04-01", "username": "cr7"}}, {"model": "services.achievement", "pk": 2, "fields": {"topic": "TCL Winner", "sub_topic": "winner of ???", "description": "hahaha", "created_at": "2024-04-21T23:59:00.639Z", "date": "2024-04-01", "username": "purees"}}, {"model": "services.achievement", "pk": 3, "fields": {"topic": "UCL Winnerr", "sub_topic": "winner of europe", "description": "hahaha", "created_at": "2024-04-21T23:59:00.639Z", "date": "2024-04-01", "username": "messi"}}, {"model": "services.achievement", "pk": 4, "fields": {"topic": "UCL Winnerrr", "sub_topic": "winner of europe", "description": "hahaha", "created_at": "2024-04-21T23:59:00.639Z", "date": "2024-04-01", "username": "chana"}}, {"model": "services.achievement", "pk": 5, "fields": {"topic": "UCL Winnerrrr", "sub_topic": "winner of europe", "description": "hahaha", "created_at": "2024-04-21T23:59:00.639Z", "date": "2024-04-01", "username": "toni"}}, {"model": "services.achievement", "pk": 6, "fields": {"topic": "UCL Winnerrrrr", "sub_topic": "winner of europe", "description": "hahaha", "created_at": "2024-04-21T23:59:00.639Z", "date": "2024-04-01", "username": "enzo"}}, {"model": "services.achievement", "pk": 7, "fields": {"topic": "UCL Winnerrrrrr", "sub_topic": "winner of europe", "description": "hahaha", "created_at": "2024-04-21T23:59:00.639Z", "date": "2024-04-01", "username": "kai"}}, {"model": "services.experience", "pk": 1, "fields": {"topic": "Ban Nong Bua", "start_date": "2016-04-03", "end_date": "2021-04-13", "created_at": "2024-04-21T23:58:39.240Z", "username": "cr7", "description": "I studied here"}}, {"model": "services.experience", "pk": 2, "fields": {"topic": "Ban Nong Bua", "start_date": "2016-04-03", "end_date": "2021-04-13", "created_at": "2024-04-21T23:58:39.240Z", "username": "purees", "description": "I studied here"}}, {"model": "services.experience", "pk": 3, "fields": {"topic": "Ban Nong Bua", "start_date": "2016-04-03", "end_date": "2021-04-13", "created_at": "2024-04-21T23:58:39.240Z", "username": "messi", "description": "I studied here"}}, {"model": "services.experience", "pk": 4, "fields": {"topic": "Ban Nong Bua", "start_date": "2016-04-03", "end_date": "2021-04-13", "created_at": "2024-04-21T23:58:39.240Z", "username": "kai", "description": "I studied here"}}, {"model": "services.experience", "pk": 5, "fields": {"topic": "Ban Nong Bua", "start_date": "2016-04-03", "end_date": "2021-04-13", "created_at": "2024-04-21T23:58:39.240Z", "username": "chana", "description": "I studied here"}}, {"model": "services.experience", "pk": 6, "fields": {"topic": "Ban Nong Bua", "start_date": "2016-04-03", "end_date": "2021-04-13", "created_at": "2024-04-21T23:58:39.240Z", "username": "toni", "description": "I studied here"}}, {"model": "services.experience", "pk": 7, "fields": {"topic": "Ban Nong Bua", "start_date": "2016-04-03", "end_date": "2021-04-13", "created_at": "2024-04-21T23:58:39.240Z", "username": "enzo", "description": "I studied here"}}, {"model": "services.search", "pk": 1, "fields": {"data": [{"url": null, "role": "athlete", "email": "", "groups": [], "is_staff": false, "password": "", "username": "purees", "following": "", "is_active": true, "last_name": "Sriprom", "first_name": "Puree", "last_login": null, "date_joined": "2024-04-21T23:02:13.032302Z", "is_superuser": false, "user_permissions": []}, {"url": null, "role": "athlete", "email": "", "groups": [], "is_staff": false, "password": "", "username": "cr7", "following": "", "is_active": true, "last_name": "Ronaldo", "first_name": "Cristiano", "last_login": null, "date_joined": "2024-04-21T23:02:38.324378Z", "is_superuser": false, "user_permissions": []}, {"url": null, "role": "athlete", "email": "", "groups": [], "is_staff": false, "password": "", "username": "messi", "following": "", "is_active": true, "last_name": "Messi", "first_name": "Leo", "last_login": null, "date_joined": "2024-04-21T23:02:58.875076Z", "is_superuser": false, "user_permissions": []}, {"url": null, "role": "athlete", "email": "", "groups": [], "is_staff": false, "password": "", "username": "kai", "following": "", "is_active": true, "last_name": "Havertz", "first_name": "Kai", "last_login": null, "date_joined": "2024-04-21T23:03:19.425893Z", "is_superuser": false, "user_permissions": []}, {"url": null, "role": "athlete", "email": "", "groups": [], "is_staff": false, "password": "", "username": "chana", "following": "", "is_active": true, "last_name": "S", "first_name": "Chanatip", "last_login": null, "date_joined": "2024-04-21T23:03:40.630254Z", "is_superuser": false, "user_permissions": []}, {"url": null, "role": "athlete", "email": "", "groups": [], "is_staff": false, "password": "", "username": "toni", "following": "", "is_active": true, "last_name": "Kroos", "first_name": "Toni", "last_login": null, "date_joined": "2024-04-21T23:04:00.510257Z", "is_superuser": false, "user_permissions": []}, {"url": null, "role": "athlete", "email": "", "groups": [], "is_staff": false, "password": "", "username": "enzo", "following": "", "is_active": true, "last_name": "Fernandes", "first_name": "Enzo", "last_login": null, "date_joined": "2024-04-21T23:04:16.281623Z", "is_superuser": false, "user_permissions": []}]}}, {"model": "services.search", "pk": 2, "fields": {"data": []}}, {"model": "services.search", "pk": 3, "fields": {"data": []}}, {"model": "services.search", "pk": 4, "fields": {"data": [{"age": 21, "url": null, "hometown": "Bangkok", "position": "ST", "username": "purees", "last_name": "Sriprom", "first_name": "Puree"}, {"age": 30, "url": null, "hometown": "Bangkok", "position": "CM", "username": "chana", "last_name": "S", "first_name": "Chanatip"}]}}, {"model": "services.search", "pk": 5, "fields": {"data": []}}, {"model": "services.search", "pk": 6, "fields": {"data": []}}, {"model": "services.search", "pk": 7, "fields": {"data": []}}, {"model": "services.search", "pk": 8, "fields": {"data": [{"url": null, "location": "Bangkok, Thailand", "username": "ee", "club_name": "Charmchuri FC", "followers": ""}, {"url": null, "location": "Bangkok, Thailand", "username": "ff", "club_name": "Chelsea FC", "followers": ""}, {"url": null, "location": "Bangkok, Thailand", "username": "gg", "club_name": "Liverpool FC", "followers": ""}, {"url": null, "location": "Bangkok, Thailand", "username": "hh", "club_name": "Arsenal FC", "followers": ""}]}}, {"model": "services.search", "pk": 9, "fields": {"data": [{"url": null, "role": "athlete", "email": "", "groups": [], "is_staff": false, "password": "", "username": "purees", "following": "", "is_active": true, "last_name": "Sriprom", "first_name": "Puree", "last_login": null, "date_joined": "2024-04-21T23:02:13.032302Z", "is_superuser": false, "user_permissions": []}, {"url": null, "role": "athlete", "email": "", "groups": [], "is_staff": false, "password": "", "username": "cr7", "following": "", "is_active": true, "last_name": "Ronaldo", "first_name": "Cristiano", "last_login": null, "date_joined": "2024-04-21T23:02:38.324378Z", "is_superuser": false, "user_permissions": []}, {"url": null, "role": "athlete", "email": "", "groups": [], "is_staff": false, "password": "", "username": "messi", "following": "", "is_active": true, "last_name": "Messi", "first_name": "Leo", "last_login": null, "date_joined": "2024-04-21T23:02:58.875076Z", "is_superuser": false, "user_permissions": []}, {"url": null, "role": "athlete", "email": "", "groups": [], "is_staff": false, "password": "", "username": "kai", "following": "", "is_active": true, "last_name": "Havertz", "first_name": "Kai", "last_login": null, "date_joined": "2024-04-21T23:03:19.425893Z", "is_superuser": false, "user_permissions": []}, {"url": null, "role": "athlete", "email": "", "groups": [], "is_staff": false, "password": "", "username": "chana", "following": "", "is_active": true, "last_name": "S", "first_name": "Chanatip", "last_login": null, "date_joined": "2024-04-21T23:03:40.630254Z", "is_superuser": false, "user_permissions": []}, {"url": null, "role": "athlete", "email": "", "groups": [], "is_staff": false, "password": "", "username": "toni", "following": "", "is_active": true, "last_name": "Kroos", "first_name": "Toni", "last_login": null, "date_joined": "2024-04-21T23:04:00.510257Z", "is_superuser": false, "user_permissions": []}, {"url": null, "role": "athlete", "email": "", "groups": [], "is_staff": false, "password": "", "username": "enzo", "following": "", "is_active": true, "last_name": "Fernandes", "first_name": "Enzo", "last_login": null, "date_joined": "2024-04-21T23:04:16.281623Z", "is_superuser": false, "user_permissions": []}]}}, {"model": "services.search", "pk": 10, "fields": {"data": [{"age": 36, "url": null, "hometown": "Bangkok", "position": "ST", "username": "messi", "last_name": "Messi", "first_name": "Leo"}]}}, {"model": "services.search", "pk": 11, "fields": {"data": [{"url": null, "role": "athlete", "email": "", "groups": [], "is_staff": false, "password": "", "username": "purees", "following": "", "is_active": true, "last_name": "Sriprom", "first_name": "Puree", "last_login": null, "date_joined": "2024-04-21T23:02:13.032302Z", "is_superuser": false, "user_permissions": []}, {"url": null, "role": "athlete", "email": "", "groups": [], "is_staff": false, "password": "", "username": "cr7", "following": "", "is_active": true, "last_name": "Ronaldo", "first_name": "Cristiano", "last_login": null, "date_joined": "2024-04-21T23:02:38.324378Z", "is_superuser": false, "user_permissions": []}, {"url": null, "role": "athlete", "email": "", "groups": [], "is_staff": false, "password": "", "username": "messi", "following": "", "is_active": true, "last_name": "Messi", "first_name": "Leo", "last_login": null, "date_joined": "2024-04-21T23:02:58.875076Z", "is_superuser": false, "user_permissions": []}, {"url": null, "role": "athlete", "email": "", "groups": [], "is_staff": false, "password": "", "username": "kai", "following": "", "is_active": true, "last_name": "Havertz", "first_name": "Kai", "last_login": null, "date_joined": "2024-04-21T23:03:19.425893Z", "is_superuser": false, "user_permissions": []}, {"url": null, "role": "athlete", "email": "", "groups": [], "is_staff": false, "password": "", "username": "chana", "following": "", "is_active": true, "last_name": "S", "first_name": "Chanatip", "last_login": null, "date_joined": "2024-04-21T23:03:40.630254Z", "is_superuser": false, "user_permissions": []}, {"url": null, "role": "athlete", "email": "", "groups": [], "is_staff": false, "password": "", "username": "toni", "following": "", "is_active": true, "last_name": "Kroos", "first_name": "Toni", "last_login": null, "date_joined": "2024-04-21T23:04:00.510257Z", "is_superuser": false, "user_permissions": []}, {"url": null, "role": "athlete", "email": "", "groups": [], "is_staff": false, "password": "", "username": "enzo", "following": "", "is_active": true, "last_name": "Fernandes", "first_name": "Enzo", "last_login": null, "date_joined": "2024-04-21T23:04:16.281623Z", "is_superuser": false, "user_permissions": []}]}}, {"model": "services.search", "pk": 12, "fields": {"data": [{"age": 38, "url": null, "hometown": "Bangkok", "position": "ST", "username": "cr7", "last_name": "Ronaldo", "first_name": "Cristiano"}, {"age": 30, "url": null, "hometown": "Bangkok", "position": "CM", "username": "chana", "last_name": "S", "first_name": "Chanatip"}]}}, {"model": "services.search", "pk": 13, "fields": {"data": [{"age": 38, "url": null, "hometown": "Bangkok", "position": "ST", "username": "cr7", "last_name": "Ronaldo", "first_name": "Cristiano"}, {"age": 26, "url": null, "hometown": "Bangkok", "position": "CM", "username": "kai", "last_name": "Havertz", "first_name": "Kai"}, {"age": 30, "url": null, "hometown": "Bangkok", "position": "CM", "username": "chana", "last_name": "S", "first_name": "Chanatip"}, {"age": 26, "url": null, "hometown": "Bangkok", "position": "CM", "username": "enzo", "last_name": "Fernandes", "first_name": "Enzo"}]}}, {"model": "services.search", "pk": 14, "fields": {"data": [{"age": 21, "url": null, "hometown": "Bangkok", "position": "ST", "username": "purees", "last_name": "Sriprom", "first_name": "Puree"}, {"age": 36, "url": null, "hometown": "Bangkok", "position": "ST", "username": "messi", "last_name": "Messi", "first_name": "Leo"}, {"age": 26, "url": null, "hometown": "Bangkok", "position": "CM", "username": "kai", "last_name": "Havertz", "first_name": "Kai"}, {"age": 26, "url": null, "hometown": "Bangkok", "position": "CM", "username": "enzo", "last_name": "Fernandes", "first_name": "Enzo"}]}}, {"model": "services.search", "pk": 15, "fields": {"data": [{"age": 38, "url": null, "hometown": "Bangkok", "position": "ST", "username": "cr7", "last_name": "Ronaldo", "first_name": "Cristiano"}, {"age": 26, "url": null, "hometown": "Bangkok", "position": "CM", "username": "kai", "last_name": "Havertz", "first_name": "Kai"}, {"age": 30, "url": null, "hometown": "Bangkok", "position": "CM", "username": "chana", "last_name": "S", "first_name": "Chanatip"}, {"age": 34, "url": null, "hometown": "Bangkok", "position": "CM", "username": "toni", "last_name": "Kroos", "first_name": "Toni"}]}}, {"model": "services.search", "pk": 16, "fields": {"data": [{"age": 21, "url": null, "hometown": "Bangkok", "position": "ST", "username": "purees", "last_name": "Sriprom", "first_name": "Puree"}, {"age": 36, "url": null, "hometown": "Bangkok", "position": "ST", "username": "messi", "last_name": "Messi", "first_name": "Leo"}, {"age": 26, "url": null, "hometown": "Bangkok", "position": "CM", "username": "kai", "last_name": "Havertz", "first_name": "Kai"}, {"age": 26, "url": null, "hometown": "Bangkok", "position": "CM", "username": "enzo", "last_name": "Fernandes", "first_name": "Enzo"}]}}, {"model": "services.search", "pk": 17, "fields": {"data": [{"age": 38, "url": null, "hometown": "Bangkok", "position": "ST", "username": "cr7", "last_name": "Ronaldo", "first_name": "Cristiano"}, {"age": 30, "url": null, "hometown": "Bangkok", "position": "CM", "username": "chana", "last_name": "S", "first_name": "Chanatip"}]}}, {"model": "services.search", "pk": 18, "fields": {"data": [{"age": 21, "url": null, "hometown": "Bangkok", "position": "ST", "username": "purees", "last_name": "Sriprom", "first_name": "Puree"}, {"age": 38, "url": null, "hometown": "Bangkok", "position": "ST", "username": "cr7", "last_name": "Ronaldo", "first_name": "Cristiano"}, {"age": 26, "url": null, "hometown": "Bangkok", "position": "CM", "username": "kai", "last_name": "Havertz", "first_name": "Kai"}, {"age": 34, "url": null, "hometown": "Bangkok", "position": "CM", "username": "toni", "last_name": "Kroos", "first_name": "Toni"}, {"age": 26, "url": null, "hometown": "Bangkok", "position": "CM", "username": "enzo", "last_name": "Fernandes", "first_name": "Enzo"}]}}, {"model": "services.search", "pk": 19, "fields": {"data": [{"url": "https://athcess.blob.core.windows.net/media/17738490eba0727a069251ca1df758fa0a3b0d6c7838f2b5235e4c7d2dbd83d4.jpeg", "role": "athlete", "email": "", "groups": [], "is_staff": false, "password": "", "username": "cr7", "following": "", "is_active": true, "last_name": "Ronaldo", "first_name": "Cristiano", "last_login": null, "date_joined": "2024-04-21T23:02:38.324378Z", "is_superuser": false, "user_permissions": []}, {"url": "https://athcess.blob.core.windows.net/media/96e8b8b58a2d4bdc408dfb88bf44cedcfcf089a7c3a7e5486885c78e55f234dd.webp", "role": "athlete", "email": "", "groups": [], "is_staff": false, "password": "", "username": "messi", "following": "", "is_active": true, "last_name": "Messi", "first_name": "Leo", "last_login": null, "date_joined": "2024-04-21T23:02:58.875076Z", "is_superuser": false, "user_permissions": []}, {"url": "https://athcess.blob.core.windows.net/media/90f2fa4f283cac1f32abb9920d440510890c53284d150f22466edc4cc620a4ce.jpeg", "role": "athlete", "email": "", "groups": [], "is_staff": false, "password": "", "username": "kai", "following": "", "is_active": true, "last_name": "Havertz", "first_name": "Kai", "last_login": null, "date_joined": "2024-04-21T23:03:19.425893Z", "is_superuser": false, "user_permissions": []}, {"url": "https://athcess.blob.core.windows.net/media/407d81efb054ff114077547cf69b1ee6d6c9bb9bd59310d0a89080ef813748d1.jpeg", "role": "athlete", "email": "", "groups": [], "is_staff": false, "password": "", "username": "chana", "following": "", "is_active": true, "last_name": "S", "first_name": "Chanatip", "last_login": null, "date_joined": "2024-04-21T23:03:40.630254Z", "is_superuser": false, "user_permissions": []}, {"url": "https://athcess.blob.core.windows.net/media/0c9d78ec635a0a67fb821520b3084078878532b10cebb85dbf3ed7eb0b1f658d.jpeg", "role": "athlete", "email": "", "groups": [], "is_staff": false, "password": "", "username": "toni", "following": "", "is_active": true, "last_name": "Kroos", "first_name": "Toni", "last_login": null, "date_joined": "2024-04-21T23:04:00.510257Z", "is_superuser": false, "user_permissions": []}, {"url": "https://athcess.blob.core.windows.net/media/e3fc765f37ffbd60b8d6ae23e6bce862b0fb7186c7108f8b24e18f97e7a9772a.jpeg", "role": "athlete", "email": "", "groups": [], "is_staff": false, "password": "", "username": "enzo", "following": "", "is_active": true, "last_name": "Fernandes", "first_name": "Enzo", "last_login": null, "date_joined": "2024-04-21T23:04:16.281623Z", "is_superuser": false, "user_permissions": []}, {"url": "https://athcess.blob.core.windows.net/media/e9bb91eb7565687c8d8964abad00adbfe6aad90d53f815ebc142657acba34597.jpeg", "role": "athlete", "email": "", "groups": [], "is_staff": false, "password": "", "username": "purees", "following": "Chelsea FC,Liverpool FC,Charmchuri FC,Arsenal FC", "is_active": true, "last_name": "Sriprom", "first_name": "Puree", "last_login": null, "date_joined": "2024-04-21T23:02:13.032302Z", "is_superuser": false, "user_permissions": []}]}}, {"model": "services.search", "pk": 20, "fields": {"data": [{"age": 38, "url": "https://athcess.blob.core.windows.net/media/17738490eba0727a069251ca1df758fa0a3b0d6c7838f2b5235e4c7d2dbd83d4.jpeg", "hometown": "Bangkok", "position": "ST", "username": "cr7", "last_name": "Ronaldo", "first_name": "Cristiano"}, {"age": 26, "url": "https://athcess.blob.core.windows.net/media/90f2fa4f283cac1f32abb9920d440510890c53284d150f22466edc4cc620a4ce.jpeg", "hometown": "Bangkok", "position": "CM", "username": "kai", "last_name": "Havertz", "first_name": "Kai"}, {"age": 30, "url": "https://athcess.blob.core.windows.net/media/407d81efb054ff114077547cf69b1ee6d6c9bb9bd59310d0a89080ef813748d1.jpeg", "hometown": "Bangkok", "position": "CM", "username": "chana", "last_name": "S", "first_name": "Chanatip"}, {"age": 26, "url": "https://athcess.blob.core.windows.net/media/e3fc765f37ffbd60b8d6ae23e6bce862b0fb7186c7108f8b24e18f97e7a9772a.jpeg", "hometown": "Bangkok", "position": "CM", "username": "enzo", "last_name": "Fernandes", "first_name": "Enzo"}]}}, {"model": "services.search", "pk": 21, "fields": {"data": [{"url": "https://athcess.blob.core.windows.net/media/17738490eba0727a069251ca1df758fa0a3b0d6c7838f2b5235e4c7d2dbd83d4.jpeg", "role": "athlete", "email": "", "groups": [], "is_staff": false, "password": "", "username": "cr7", "following": "", "is_active": true, "last_name": "Ronaldo", "first_name": "Cristiano", "last_login": null, "date_joined": "2024-04-21T23:02:38.324378Z", "is_superuser": false, "user_permissions": []}, {"url": "https://athcess.blob.core.windows.net/media/96e8b8b58a2d4bdc408dfb88bf44cedcfcf089a7c3a7e5486885c78e55f234dd.webp", "role": "athlete", "email": "", "groups": [], "is_staff": false, "password": "", "username": "messi", "following": "", "is_active": true, "last_name": "Messi", "first_name": "Leo", "last_login": null, "date_joined": "2024-04-21T23:02:58.875076Z", "is_superuser": false, "user_permissions": []}, {"url": "https://athcess.blob.core.windows.net/media/e9bb91eb7565687c8d8964abad00adbfe6aad90d53f815ebc142657acba34597.jpeg", "role": "athlete", "email": "", "groups": [], "is_staff": false, "password": "", "username": "purees", "following": "Chelsea FC,Liverpool FC,Charmchuri FC,Arsenal FC", "is_active": true, "last_name": "Sriprom", "first_name": "Puree", "last_login": null, "date_joined": "2024-04-21T23:02:13.032302Z", "is_superuser": false, "user_permissions": []}]}}, {"model": "services.search", "pk": 22, "fields": {"data": []}}, {"model": "services.search", "pk": 23, "fields": {"data": [{"url": "https://athcess.blob.core.windows.net/media/90f2fa4f283cac1f32abb9920d440510890c53284d150f22466edc4cc620a4ce.jpeg", "role": "athlete", "email": "", "groups": [], "is_staff": false, "password": "", "username": "kai", "following": "", "is_active": true, "last_name": "Havertz", "first_name": "Kai", "last_login": null, "date_joined": "2024-04-21T23:03:19.425893Z", "is_superuser": false, "user_permissions": []}, {"url": "https://athcess.blob.core.windows.net/media/407d81efb054ff114077547cf69b1ee6d6c9bb9bd59310d0a89080ef813748d1.jpeg", "role": "athlete", "email": "", "groups": [], "is_staff": false, "password": "", "username": "chana", "following": "", "is_active": true, "last_name": "S", "first_name": "Chanatip", "last_login": null, "date_joined": "2024-04-21T23:03:40.630254Z", "is_superuser": false, "user_permissions": []}, {"url": "https://athcess.blob.core.windows.net/media/0c9d78ec635a0a67fb821520b3084078878532b10cebb85dbf3ed7eb0b1f658d.jpeg", "role": "athlete", "email": "", "groups": [], "is_staff": false, "password": "", "username": "toni", "following": "", "is_active": true, "last_name": "Kroos", "first_name": "Toni", "last_login": null, "date_joined": "2024-04-21T23:04:00.510257Z", "is_superuser": false, "user_permissions": []}, {"url": "https://athcess.blob.core.windows.net/media/e3fc765f37ffbd60b8d6ae23e6bce862b0fb7186c7108f8b24e18f97e7a9772a.jpeg", "role": "athlete", "email": "", "groups": [], "is_staff": false, "password": "", "username": "enzo", "following": "", "is_active": true, "last_name": "Fernandes", "first_name": "Enzo", "last_login": null, "date_joined": "2024-04-21T23:04:16.281623Z", "is_superuser": false, "user_permissions": []}]}}, {"model": "services.search", "pk": 24, "fields": {"data": [{"url": "https://athcess.blob.core.windows.net/media/90f2fa4f283cac1f32abb9920d440510890c53284d150f22466edc4cc620a4ce.jpeg", "role": "athlete", "email": "", "groups": [], "is_staff": false, "password": "", "username": "kai", "following": "", "is_active": true, "last_name": "Havertz", "first_name": "Kai", "last_login": null, "date_joined": "2024-04-21T23:03:19.425893Z", "is_superuser": false, "user_permissions": []}, {"url": "https://athcess.blob.core.windows.net/media/e3fc765f37ffbd60b8d6ae23e6bce862b0fb7186c7108f8b24e18f97e7a9772a.jpeg", "role": "athlete", "email": "", "groups": [], "is_staff": false, "password": "", "username": "enzo", "following": "", "is_active": true, "last_name": "Fernandes", "first_name": "Enzo", "last_login": null, "date_joined": "2024-04-21T23:04:16.281623Z", "is_superuser": false, "user_permissions": []}]}}, {"model": "services.search", "pk": 25, "fields": {"data": [{"url": null, "username": "aa", "last_name": "a", "first_name": "a"}]}}, {"model": "services.search", "pk": 26, "fields": {"data": [{"url": "https://athcess.blob.core.windows.net/media/0c9d78ec635a0a67fb821520b3084078878532b10cebb85dbf3ed7eb0b1f658d.jpeg", "likes": "", "post_id": 16, "username": "toni", "highlight": false, "is_repost": false, "created_at": "2024-04-21T23:21:15.699813Z", "description": "a", "has_attachment": true}, {"url": "https://athcess.blob.core.windows.net/media/0c9d78ec635a0a67fb821520b3084078878532b10cebb85dbf3ed7eb0b1f658d.jpeg", "likes": "", "post_id": 17, "username": "toni", "highlight": false, "is_repost": false, "created_at": "2024-04-21T23:21:26.275430Z", "description": "a", "has_attachment": true}, {"url": "https://athcess.blob.core.windows.net/media/e3fc765f37ffbd60b8d6ae23e6bce862b0fb7186c7108f8b24e18f97e7a9772a.jpeg", "likes": "", "post_id": 20, "username": "enzo", "highlight": true, "is_repost": false, "created_at": "2024-04-21T23:22:16.421587Z", "description": "a", "has_attachment": true}, {"url": "https://athcess.blob.core.windows.net/media/e3fc765f37ffbd60b8d6ae23e6bce862b0fb7186c7108f8b24e18f97e7a9772a.jpeg", "likes": "", "post_id": 21, "username": "enzo", "highlight": true, "is_repost": false, "created_at": "2024-04-21T23:22:32.679200Z", "description": "a", "has_attachment": true}, {"url": "https://athcess.blob.core.windows.net/media/96e8b8b58a2d4bdc408dfb88bf44cedcfcf089a7c3a7e5486885c78e55f234dd.webp", "likes": "", "post_id": 22, "username": "messi", "highlight": true, "is_repost": false, "created_at": "2024-04-21T23:23:21.947856Z", "description": "a", "has_attachment": true}, {"url": "https://athcess.blob.core.windows.net/media/17738490eba0727a069251ca1df758fa0a3b0d6c7838f2b5235e4c7d2dbd83d4.jpeg", "likes": "", "post_id": 23, "username": "cr7", "highlight": true, "is_repost": false, "created_at": "2024-04-21T23:23:44.109263Z", "description": "a", "has_attachment": true}, {"url": "https://athcess.blob.core.windows.net/media/17738490eba0727a069251ca1df758fa0a3b0d6c7838f2b5235e4c7d2dbd83d4.jpeg", "likes": "", "post_id": 24, "username": "cr7", "highlight": true, "is_repost": false, "created_at": "2024-04-21T23:23:54.932920Z", "description": "a", "has_attachment": true}, {"url": null, "likes": "", "post_id": 25, "username": "aa", "highlight": false, "is_repost": false, "created_at": "2024-04-21T23:25:17.869089Z", "description": "a", "has_attachment": true}, {"url": null, "likes": "", "post_id": 26, "username": "bb", "highlight": false, "is_repost": false, "created_at": "2024-04-21T23:25:38.856333Z", "description": "a", "has_attachment": true}, {"url": null, "likes": "", "post_id": 27, "username": "cc", "highlight": false, "is_repost": false, "created_at": "2024-04-21T23:26:24.433363Z", "description": "a", "has_attachment": true}, {"url": null, "likes": "", "post_id": 28, "username": "dd", "highlight": false, "is_repost": false, "created_at": "2024-04-21T23:26:45.765496Z", "description": "a", "has_attachment": true}, {"url": "https://athcess.blob.core.windows.net/media/e3fc765f37ffbd60b8d6ae23e6bce862b0fb7186c7108f8b24e18f97e7a9772a.jpeg", "likes": "purees", "post_id": 19, "username": "enzo", "highlight": false, "is_repost": false, "created_at": "2024-04-21T23:22:07.502849Z", "description": "a", "has_attachment": true}]}}, {"model": "services.search", "pk": 27, "fields": {"data": []}}, {"model": "services.search", "pk": 28, "fields": {"data": [{"url": null, "location": "Bangkok, Thailand", "username": "ee", "club_name": "Charmchuri FC", "followers": "purees"}, {"url": null, "location": "Bangkok, Thailand", "username": "ff", "club_name": "Chelsea FC", "followers": "purees"}, {"url": null, "location": "Bangkok, Thailand", "username": "gg", "club_name": "Liverpool FC", "followers": "purees"}, {"url": null, "location": "Bangkok, Thailand", "username": "hh", "club_name": "Arsenal FC", "followers": "purees"}]}}]